estimate,median,lower,upper,Method,lscale_true
0.08031972497701645,0.08099284768104553,0.06127076596021652,0.11171166598796844,NBE,0.1
0.3294938802719116,0.3190333843231201,0.2596709430217743,0.36930951476097107,NBE,0.3
0.44950196146965027,0.4317290484905243,0.3974367678165436,0.5186211466789246,NBE,0.5
