estimate,lower,upper,Method,lscale_true
0.08545161921846714,0.06527562575910811,0.11660049412942103,NBE,0.1
0.29902491260968983,0.26223201760826026,0.3624783638333565,NBE,0.3
0.45200193535576993,0.4030033255202093,0.5380583610116114,NBE,0.5
