estimate,lower,median,upper,Method,lscale_true
0.09456575661897659,0.06123187392950058,0.08746188879013062,0.12023968994617462,NBE,0.1
0.2886747717857361,0.24569478631019592,0.31081148982048035,0.3722495436668396,NBE,0.3
0.48007500171661377,0.35293540358543396,0.4387762248516083,0.4929739832878113,NBE,0.5
