estimate,lower,upper,Method,lscale_true
0.09946086257696152,0.06229095533490181,0.12287869304418564,NBE,0.1
0.30404117703437805,0.21734964847564697,0.34042948484420776,NBE,0.3
0.48223018646240234,0.36912810802459717,0.5064263939857483,NBE,0.5
