estimate,lower,upper,Method,lscale_true
0.07638257308116252,0.05731555074453354,0.11142358183860779,NBE,0.1
0.299257585059235,0.24514077603816986,0.34946751594543457,NBE,0.3
0.44410051803991,0.3873134255409241,0.547000527381897,NBE,0.5
